postId,postTitle
1,6476acaf88a88d4aba8d73c4
2,6476acb088a88d4aba8d73cb
3,6476acba88a88d4aba8d73d3
4,6476acd788a88d4aba8d73e3
5,6476acdc88a88d4aba8d73ea
6,6476ace188a88d4aba8d73f2
7,6476acf488a88d4aba8d7402
8,6476acf988a88d4aba8d7409
9,6476acfd88a88d4aba8d7411
10,6476ad0e88a88d4aba8d7421
11,6476ad1388a88d4aba8d7428
12,6476ad1788a88d4aba8d7430
13,6476ad2988a88d4aba8d7440
14,6476ad2f88a88d4aba8d7447
15,6476ad3388a88d4aba8d744f
16,6476ad4988a88d4aba8d7461
17,6476ad4d88a88d4aba8d7468
18,6476ad5588a88d4aba8d7470
19,6476afed88a88d4aba8d7480
20,6476aff288a88d4aba8d7487
21,6476aff788a88d4aba8d748f
22,6476b01388a88d4aba8d749f
23,6476b01788a88d4aba8d74a6
24,6476b01d88a88d4aba8d74ae
25,6476b02d88a88d4aba8d74be
26,6476b03188a88d4aba8d74c5
27,6476b03788a88d4aba8d74cd
28,6476b09f88a88d4aba8d74dd
29,6476b0a488a88d4aba8d74e4
30,6476b0aa88a88d4aba8d74ec
31,6476b0d988a88d4aba8d74fc
32,6476b0de88a88d4aba8d7503
33,6476b0e388a88d4aba8d750b
34,6476b16388a88d4aba8d751d
35,6476b16888a88d4aba8d7524
36,6476b16c88a88d4aba8d752c
37,6476b18f88a88d4aba8d753c
38,6476b19388a88d4aba8d7543
39,6476b19888a88d4aba8d754b
40,6476b1b888a88d4aba8d755b
41,6476b1bc88a88d4aba8d7562
42,6476b1c188a88d4aba8d756a
43,6476b25188a88d4aba8d757a
44,6476b25688a88d4aba8d7581
45,6476b25b88a88d4aba8d7589
46,6476b28088a88d4aba8d7599
47,6476b28488a88d4aba8d75a0
48,6476b28988a88d4aba8d75a8
49,6476b35c88a88d4aba8d75b8
50,6476b36188a88d4aba8d75bf
51,6476b36788a88d4aba8d75c7
52,6476b38588a88d4aba8d75d9
53,6476b38f88a88d4aba8d75e0
54,6476b39488a88d4aba8d75e8
55,6476b3cc88a88d4aba8d75f8
56,6476b3d288a88d4aba8d75ff
57,6476b3d688a88d4aba8d7607
58,647c42d6cf3b29cbd4046822
59,647c42ddcf3b29cbd4046829
60,647c42e2cf3b29cbd4046831
